algorithm,depth,n_estimators,mean_accuracy,std_accuracy,mean_auc,std_auc,mean_f1,std_f1,mean_train_time,std_train_time,mean_pred_time,total_train_time,distinct_features,total_features,feature_usage_pct,avg_tree_depth,n_trees,success,dataset,encoding,sample_size
GB-RDT,5,100,0.9274082991077751,0.006071250308406095,0.9761778329707193,0.004560400583341132,0.9267808285193422,0.006262954035449929,318.18995037078855,12.452325722301849,0.1351149082183838,1590.9497518539429,30,57,52.63157894736842,5,100,True,Spambase,target,4601
GB-RDT-Fast,5,100,0.9274082991077751,0.006071250308406095,0.9761778329707193,0.004560400583341132,0.9267808285193422,0.006262954035449929,117.6371928691864,3.8027272383860447,0.11848788261413574,588.185964345932,30,57,52.63157894736842,5,100,True,Spambase,target,4601
GB-sklearn,5,100,0.9484893546711985,0.004592128460710337,0.9858721962544124,0.0023245171838281236,0.9483897310630832,0.004698389846341026,1.6194337844848632,0.03005740087475493,0.0016542911529541016,8.097168922424316,55,57,96.49122807017544,5,100,True,Spambase,target,4601
XGBoost,5,100,0.9502294292593116,0.004668261429163888,0.9868100905147486,0.002826883055712885,0.9501462393886891,0.004649767254465427,0.11995902061462402,0.005801226485175589,0.0014004707336425781,0.5997951030731201,53,57,92.98245614035088,-1,100,True,Spambase,target,4601
CatBoost,5,100,0.9508813671340226,0.003581391769827636,0.9859790559535441,0.0036035223631274383,0.9507523406501421,0.0036062204974436065,0.4426114559173584,0.017742767509432062,0.010718536376953126,2.213057279586792,54,57,94.73684210526315,-1,0,True,Spambase,target,4601
