algorithm,depth,n_estimators,mean_accuracy,std_accuracy,mean_auc,std_auc,mean_f1,std_f1,mean_train_time,std_train_time,mean_pred_time,total_train_time,distinct_features,total_features,feature_usage_pct,avg_tree_depth,n_trees,success,dataset,encoding,sample_size
GB-RDT,4,100,0.926103479205023,0.006406603324079504,0.9738648731794257,0.0046876990547689195,0.9254803717776985,0.006632790337291101,242.48798356056213,5.09448801575201,0.10543160438537598,1212.4399178028107,25,57,43.859649122807014,4,100,True,Spambase,target,4601
GB-RDT-Fast,4,100,0.926103479205023,0.006406603324079504,0.9738648731794257,0.0046876990547689195,0.9254803717776985,0.006632790337291101,95.6149832725525,4.980187701680518,0.11061444282531738,478.07491636276245,25,57,43.859649122807014,4,100,True,Spambase,target,4601
GB-sklearn,4,100,0.9467518765047445,0.00464771299084462,0.9853208778684577,0.002900918261686144,0.946602622227085,0.004703835323934877,1.2854202747344972,0.058508379813467355,0.0016747474670410155,6.427101373672485,52,57,91.22807017543859,4,100,True,Spambase,target,4601
XGBoost,4,100,0.950229901335977,0.005279834321381855,0.985939413034745,0.0032610424610448226,0.9501360803101306,0.005278955277783135,0.10459480285644532,0.006368700049932497,0.0013995647430419921,0.5229740142822266,48,57,84.21052631578947,-1,100,True,Spambase,target,4601
CatBoost,4,100,0.9489248453948921,0.005182779781824104,0.985167320409927,0.003950778341595566,0.9487710928375884,0.005307857933242819,0.38704524040222166,0.01975147829620641,0.012486648559570313,1.9352262020111084,52,57,91.22807017543859,-1,0,True,Spambase,target,4601
