algorithm,depth,n_estimators,mean_accuracy,std_accuracy,mean_auc,std_auc,mean_f1,std_f1,mean_train_time,std_train_time,mean_pred_time,total_train_time,distinct_features,total_features,feature_usage_pct,avg_tree_depth,n_trees,success,dataset,encoding,sample_size
GB-RDT,3,100,0.9224082991077751,0.00392242468766969,0.9706023449309569,0.004547680084751789,0.9215905669154407,0.004086087529416715,207.95357599258423,70.05183799965927,0.08426299095153808,1039.7678799629211,18,57,31.57894736842105,3,100,True,Spambase,target,4601
GB-RDT-Fast,3,100,0.9224082991077751,0.00392242468766969,0.9706023449309569,0.004547680084751789,0.9215905669154407,0.004086087529416715,74.02173714637756,1.7415856708549167,0.08732328414916993,370.1086857318878,18,57,31.57894736842105,3,100,True,Spambase,target,4601
GB-sklearn,3,100,0.9430566964074965,0.0047817482584128004,0.984441000645881,0.003290922786012316,0.9428603851113859,0.004895566278604528,0.963900375366211,0.07918915202716963,0.0018168926239013673,4.819501876831055,47,57,82.45614035087719,3,100,True,Spambase,target,4601
XGBoost,3,100,0.9454480007553225,0.004011374345106173,0.9850861697145141,0.0034214138545721274,0.9452904312085251,0.004107789269507452,0.07384986877441406,0.002906376344527416,0.0012002944946289062,0.3692493438720703,45,57,78.94736842105263,-1,100,True,Spambase,target,4601
CatBoost,3,100,0.9456649199830052,0.0034211926662698114,0.9836521394298454,0.004481058436852493,0.9454702977732594,0.0034360001041225884,0.3448008060455322,0.08558743860728706,0.011005783081054687,1.7240040302276611,44,57,77.19298245614034,-1,0,True,Spambase,target,4601
