algorithm,depth,n_estimators,mean_accuracy,std_accuracy,mean_auc,std_auc,mean_f1,std_f1,mean_train_time,std_train_time,mean_pred_time,total_train_time,distinct_features,total_features,feature_usage_pct,avg_tree_depth,n_trees,success,dataset,encoding,sample_size
GB-RDT,5,100,0.9202012072434608,0.029477403666181685,0.9679247863247864,0.015197285323019893,0.9191609701966158,0.02982739560773999,88.63027458190918,7.257827067325861,0.013091850280761718,443.1513729095459,31,34,91.17647058823529,5,100,True,Ionosphere,target,351
GB-RDT-Fast,5,100,0.9202012072434608,0.029477403666181685,0.9679247863247864,0.015197285323019893,0.9191609701966158,0.02982739560773999,26.845152187347413,0.25871302930437307,0.013519382476806641,134.22576093673706,31,34,91.17647058823529,5,100,True,Ionosphere,target,351
GB-sklearn,5,100,0.9373038229376258,0.0214262947374078,0.9717880341880342,0.01551625202799081,0.9364787299188284,0.021870879222684162,0.4747622013092041,0.008389907736806972,0.0003184795379638672,2.3738110065460205,33,34,97.05882352941177,5,100,True,Ionosphere,target,351
XGBoost,5,100,0.9344064386317907,0.02660108909512321,0.9674940170940172,0.019479649467343846,0.9338093539617226,0.02639295332217649,0.08619108200073242,0.002409281515625291,0.0015488624572753905,0.4309554100036621,33,34,97.05882352941177,-1,100,True,Ionosphere,target,351
CatBoost,5,100,0.9401609657947686,0.018979123213659386,0.9751589743589744,0.011211039923823784,0.939154298784661,0.019484800364067297,0.3211089611053467,0.06949492465660069,0.0019992828369140626,1.6055448055267334,33,34,97.05882352941177,-1,0,True,Ionosphere,target,351
