algorithm,depth,n_estimators,mean_accuracy,std_accuracy,mean_auc,std_auc,mean_f1,std_f1,mean_train_time,std_train_time,mean_pred_time,total_train_time,distinct_features,total_features,feature_usage_pct,avg_tree_depth,n_trees,success,dataset,encoding,sample_size
GB-RDT,4,100,0.9287726358148894,0.02555823080553661,0.9645606837606838,0.018331030955382993,0.927539442807604,0.02612983144470409,74.5925325870514,6.836910379298256,0.011011314392089844,372.96266293525696,29,34,85.29411764705883,4,100,True,Ionosphere,target,351
GB-RDT-Fast,4,100,0.9287726358148894,0.02555823080553661,0.9645606837606838,0.018331030955382993,0.927539442807604,0.02612983144470409,22.75061240196228,0.42614357274236164,0.012756252288818359,113.7530620098114,29,34,85.29411764705883,4,100,True,Ionosphere,target,351
GB-sklearn,4,100,0.9344466800804829,0.017226160471601196,0.9707213675213675,0.013489224114623964,0.9337140229498303,0.017393403019207686,0.39878997802734373,0.014835660997220383,0.0008040428161621094,1.9939498901367188,33,34,97.05882352941177,4,100,True,Ionosphere,target,351
XGBoost,4,100,0.9373038229376258,0.023253360170854723,0.9651965811965812,0.021020542777071827,0.9365835643783245,0.0233181777346977,0.10132465362548829,0.01315495597426628,0.0012666702270507813,0.5066232681274414,33,34,97.05882352941177,-1,100,True,Ionosphere,target,351
CatBoost,4,100,0.9401207243460765,0.022948777690754815,0.9735452991452991,0.014499344815302906,0.938917408606905,0.02379132250217682,0.2943986415863037,0.06238932327561038,0.0016386985778808593,1.4719932079315186,33,34,97.05882352941177,-1,0,True,Ionosphere,target,351
