algorithm,depth,n_estimators,mean_accuracy,std_accuracy,mean_auc,std_auc,mean_f1,std_f1,mean_train_time,std_train_time,mean_pred_time,total_train_time,distinct_features,total_features,feature_usage_pct,avg_tree_depth,n_trees,success,dataset,encoding,sample_size
GB-RDT,3,100,0.9316297786720323,0.02283552410903247,0.9695384615384615,0.01261029707712862,0.9302250301464868,0.023513981744465354,52.92815451622009,3.1656114185473276,0.008654451370239258,264.64077258110046,25,34,73.52941176470588,3,100,True,Ionosphere,target,351
GB-RDT-Fast,3,100,0.9316297786720323,0.02283552410903247,0.9695384615384615,0.01261029707712862,0.9302250301464868,0.023513981744465354,15.668208265304566,0.19151353089285406,0.009294891357421875,78.34104132652283,25,34,73.52941176470588,3,100,True,Ionosphere,target,351
GB-sklearn,3,100,0.9401609657947686,0.016690550167626016,0.9682871794871796,0.0121973707061833,0.9391813606115221,0.017141801283068834,0.291121244430542,0.010157275536537095,0.0004822254180908203,1.45560622215271,33,34,97.05882352941177,3,100,True,Ionosphere,target,351
XGBoost,3,100,0.9344466800804829,0.017226160471601196,0.9680547008547009,0.017342705199155307,0.9335871538102317,0.01732631515589173,0.0661156177520752,0.004490922068421167,0.0013044357299804687,0.330578088760376,31,34,91.17647058823529,-1,100,True,Ionosphere,target,351
CatBoost,3,100,0.9401609657947686,0.016690550167626016,0.9707145299145299,0.013398701912674234,0.9390544914719234,0.0171143025674723,0.2412346363067627,0.09815667543091261,0.0024053096771240235,1.2061731815338135,33,34,97.05882352941177,-1,0,True,Ionosphere,target,351
