algorithm,depth,n_estimators,mean_accuracy,std_accuracy,mean_auc,std_auc,mean_f1,std_f1,mean_train_time,std_train_time,mean_pred_time,total_train_time,distinct_features,total_features,feature_usage_pct,avg_tree_depth,n_trees,success,dataset,encoding,sample_size
GB-RDT,5,100,0.8357817408151111,0.005037590559334969,0.907860745124698,0.002799014203752519,0.8358904590421096,0.0050392605795979446,192.64857592582703,7.6385866652447625,0.3152705192565918,963.2428796291351,14,16,87.5,5,100,True,Bank Marketing,target,11162
GB-RDT-Fast,5,100,0.8357817408151111,0.005037590559334969,0.907860745124698,0.002799014203752519,0.8358904590421096,0.0050392605795979446,93.02837495803833,4.905396640820231,0.2953788280487061,465.14187479019165,14,16,87.5,5,100,True,Bank Marketing,target,11162
GB-sklearn,5,100,0.8526250106339093,0.00354874201665475,0.9195932294008372,0.004085620203507076,0.8527140304239718,0.003544231245011148,1.648252534866333,0.0570602350275467,0.004594612121582031,8.241262674331665,16,16,100.0,5,100,True,Bank Marketing,target,11162
XGBoost,5,100,0.8444724938885116,0.0043409747801225656,0.9172970393452402,0.002770567794466949,0.8445247224561225,0.004383186960988259,0.10127058029174804,0.005794153797648265,0.0014507293701171875,0.5063529014587402,16,16,100.0,-1,100,True,Bank Marketing,target,11162
CatBoost,5,100,0.8464429372382654,0.002786297092193162,0.9178809079388944,0.0032441863990466924,0.8465452369743709,0.002785799002389922,0.2939459323883057,0.014605737473161398,0.008111810684204102,1.4697296619415283,16,16,100.0,-1,0,True,Bank Marketing,target,11162
