algorithm,depth,n_estimators,mean_accuracy,std_accuracy,mean_auc,std_auc,mean_f1,std_f1,mean_train_time,std_train_time,mean_pred_time,total_train_time,distinct_features,total_features,feature_usage_pct,avg_tree_depth,n_trees,success,dataset,encoding,sample_size
GB-RDT,4,100,0.8298685648796884,0.006656445572769815,0.9027238933562582,0.002852743468897828,0.8299610955834487,0.0066615017546480335,143.14035205841066,6.480818109766045,0.2669224262237549,715.7017602920532,13,16,81.25,4,100,True,Bank Marketing,target,11162
GB-RDT-Fast,4,100,0.8298685648796884,0.006656445572769815,0.9027238933562582,0.002852743468897828,0.8299610955834487,0.0066615017546480335,80.03177709579468,2.8031738109268374,0.25481081008911133,400.1588854789734,13,16,81.25,4,100,True,Bank Marketing,target,11162
GB-sklearn,4,100,0.8492208353999231,0.00225937330994093,0.9186907256741002,0.0032014052379021308,0.8493130250451456,0.0022657157106457868,1.3583233833312989,0.02410931399887619,0.003624105453491211,6.791616916656494,16,16,100.0,4,100,True,Bank Marketing,target,11162
XGBoost,4,100,0.8396337039551722,0.005970254257548581,0.9147148344622391,0.0033763988926408138,0.8396311301210806,0.006070203609568204,0.07451539039611817,0.006037588134804201,0.001601409912109375,0.3725769519805908,16,16,100.0,-1,100,True,Bank Marketing,target,11162
CatBoost,4,100,0.8440244652146764,0.002958424521692485,0.9166441994184172,0.0031743015451288496,0.8441199465466459,0.002961419378176416,0.27048768997192385,0.028852720720952837,0.008208036422729492,1.3524384498596191,16,16,100.0,-1,0,True,Bank Marketing,target,11162
