algorithm,depth,n_estimators,mean_accuracy,std_accuracy,mean_auc,std_auc,mean_f1,std_f1,mean_train_time,std_train_time,mean_pred_time,total_train_time,distinct_features,total_features,feature_usage_pct,avg_tree_depth,n_trees,success,dataset,encoding,sample_size
GB-RDT,3,100,0.8218058143808978,0.004459191427059435,0.8963411859982685,0.002705504487471261,0.8218509851446392,0.004447034851735584,108.75359115600585,7.075920218880015,0.1992259979248047,543.7679557800293,10,16,62.5,3,100,True,Bank Marketing,target,11162
GB-RDT-Fast,3,100,0.8218058143808978,0.004459191427059435,0.8963411859982685,0.002705504487471261,0.8218509851446392,0.004447034851735584,62.254763793945315,1.9207275329258295,0.18963680267333985,311.27381896972656,10,16,62.5,3,100,True,Bank Marketing,target,11162
GB-sklearn,3,100,0.8435761556451211,0.0038369903693161356,0.9155535290192882,0.0022055082835315534,0.8436746902177464,0.003836989448938389,1.0161800861358643,0.02432795971113004,0.003583669662475586,5.080900430679321,16,16,100.0,3,100,True,Bank Marketing,target,11162
XGBoost,3,100,0.8338098528587962,0.007323661193377963,0.9101894797458442,0.004320119676136138,0.8337356227381545,0.0074855817616721,0.058989524841308594,0.005422808697845654,0.0017889976501464845,0.29494762420654297,16,16,100.0,-1,100,True,Bank Marketing,target,11162
CatBoost,3,100,0.8384697523462818,0.00333835178090434,0.9119936166359196,0.0032147036344962006,0.8385516808448061,0.0033449534558442637,0.2574941158294678,0.09878048031099258,0.008879995346069336,1.2874705791473389,16,16,100.0,-1,0,True,Bank Marketing,target,11162
