algorithm,depth,n_estimators,mean_accuracy,std_accuracy,mean_auc,std_auc,mean_f1,std_f1,mean_train_time,std_train_time,mean_pred_time,total_train_time,distinct_features,total_features,feature_usage_pct,avg_tree_depth,n_trees,success,dataset,encoding,sample_size
GB-RDT,4,100,0.9251017639077341,0.0037797525853959443,0.981623446649899,0.001917249516562671,0.9249834646995584,0.003828010417304895,17.432701301574706,0.925118120703228,0.3093625545501709,87.16350650787354,13,30,43.333333333333336,4,100,True,Phishing Websites,target,11055
GB-RDT-Fast,4,100,0.9251017639077341,0.0037797525853959443,0.981623446649899,0.001917249516562671,0.9249834646995584,0.003828010417304895,7.5224464416503904,0.10116604016076489,0.31040639877319337,37.61223220825195,13,30,43.333333333333336,4,100,True,Phishing Websites,target,11055
GB-sklearn,4,100,0.9556761646313886,0.002341416391776522,0.9928948758471978,0.0007010788732716018,0.9556167654592862,0.002372724053731755,0.9577415466308594,0.009007898395198104,0.00628514289855957,4.788707733154297,30,30,100.0,4,100,True,Phishing Websites,target,11055
XGBoost,4,100,0.9534147444595206,0.0018316107400557662,0.9925279030617282,0.0004907290817613011,0.9533487801115266,0.001851659954485451,0.10398802757263184,0.010349169988812261,0.0021475791931152345,0.5199401378631592,30,30,100.0,-1,100,True,Phishing Websites,target,11055
CatBoost,4,100,0.9540479421076438,0.002503546359673991,0.9921565022773778,0.0007439420887924318,0.9539749376961302,0.002520673984056319,0.47030348777770997,0.067622137754004,0.019434404373168946,2.35151743888855,29,30,96.66666666666667,-1,0,True,Phishing Websites,target,11055
