algorithm,depth,n_estimators,mean_accuracy,std_accuracy,mean_auc,std_auc,mean_f1,std_f1,mean_train_time,std_train_time,mean_pred_time,total_train_time,distinct_features,total_features,feature_usage_pct,avg_tree_depth,n_trees,success,dataset,encoding,sample_size
GB-RDT,3,100,0.9232021709633649,0.00280853454477792,0.97898715186275,0.002523862503152134,0.9230867357815873,0.002852730089314461,12.856881904602051,0.7120906022788249,0.2504490852355957,64.28440952301025,9,30,30.0,3,100,True,Phishing Websites,target,11055
GB-RDT-Fast,3,100,0.9232021709633649,0.00280853454477792,0.97898715186275,0.002523862503152134,0.9230867357815873,0.002852730089314461,5.391423177719116,0.16990280746794012,0.24993176460266114,26.95711588859558,9,30,30.0,3,100,True,Phishing Websites,target,11055
GB-sklearn,3,100,0.9488919041157846,0.0024440083376040225,0.9902147489446378,0.0007628167681753365,0.9488073540220375,0.0024700319083118794,0.6891174793243409,0.015557308844903034,0.004401874542236328,3.445587396621704,30,30,100.0,3,100,True,Phishing Websites,target,11055
XGBoost,3,100,0.9491632745364089,0.003343232675273857,0.9900575655710998,0.0008352926364787025,0.9490793879927661,0.0033665755124507877,0.08475122451782227,0.003989058516277663,0.0014064788818359375,0.42375612258911133,30,30,100.0,-1,100,True,Phishing Websites,target,11055
CatBoost,3,100,0.9474445952057892,0.0016028987016435342,0.9898775210492875,0.0007997911534865759,0.9473448146699649,0.001611971988748085,0.4152423858642578,0.0739104088512323,0.018803882598876952,2.076211929321289,27,30,90.0,-1,0,True,Phishing Websites,target,11055
