algorithm,depth,n_estimators,mean_accuracy,std_accuracy,mean_auc,std_auc,mean_f1,std_f1,mean_train_time,std_train_time,mean_pred_time,total_train_time,distinct_features,total_features,feature_usage_pct,avg_tree_depth,n_trees,success,dataset,encoding,sample_size
GB-RDT,5,100,0.930529172320217,0.003591032698557959,0.982946256390662,0.00155738584568826,0.9302842550674771,0.0036471042985330875,21.556854963302612,1.2492904691087985,0.35309371948242185,107.78427481651306,19,30,63.33333333333333,5,100,True,Phishing Websites,target,11055
GB-RDT-Fast,5,100,0.930529172320217,0.003591032698557959,0.982946256390662,0.00155738584568826,0.9302842550674771,0.0036471042985330875,9.368884372711182,0.12408948005034007,0.35560245513916017,46.84442186355591,19,30,63.33333333333333,5,100,True,Phishing Websites,target,11055
GB-sklearn,5,100,0.9621890547263681,0.001952694088188443,0.9947404777057482,0.0005769315740734828,0.9621520922303602,0.001964666641765815,1.1945671558380127,0.011651372932475734,0.007601404190063476,5.9728357791900635,30,30,100.0,5,100,True,Phishing Websites,target,11055
XGBoost,5,100,0.9592944369063773,0.0031853128650672345,0.994022833733824,0.00042178384180528375,0.9592494709769047,0.0032123668393001827,0.12262563705444336,0.00718339337694316,0.002268409729003906,0.6131281852722168,30,30,100.0,-1,100,True,Phishing Websites,target,11055
CatBoost,5,100,0.9591135232926277,0.0020547836619810938,0.9939501987553218,0.0006316156276580181,0.9590606452761289,0.00206997224292107,0.5470700263977051,0.0740093046292217,0.019268083572387695,2.7353501319885254,30,30,100.0,-1,0,True,Phishing Websites,target,11055
