algorithm,depth,n_estimators,mean_accuracy,std_accuracy,mean_auc,std_auc,mean_f1,std_f1,mean_train_time,std_train_time,mean_pred_time,total_train_time,distinct_features,total_features,feature_usage_pct,avg_tree_depth,n_trees,success,dataset,encoding,sample_size
GB-RDT,3,100,0.9490451793199813,0.023775253808258665,0.9906178674111855,0.005291558331004548,0.948604643529549,0.02450469773117651,120.30637474060059,5.957287698443916,0.015476846694946289,601.5318737030029,22,30,73.33333333333333,3,100,True,Breast Cancer,target,569
GB-RDT-Fast,3,100,0.9490451793199813,0.023775253808258665,0.9906178674111855,0.005291558331004548,0.948604643529549,0.02450469773117651,35.286774682998654,0.7741693776772621,0.01579732894897461,176.4338734149933,22,30,73.33333333333333,3,100,True,Breast Cancer,target,569
GB-sklearn,3,100,0.9543238627542306,0.016971381899046588,0.9924047731695946,0.005019138148963377,0.954066444603914,0.0171958041248839,0.5549101829528809,0.013874482950295308,0.0006375312805175781,2.7745509147644043,30,30,100.0,3,100,True,Breast Cancer,target,569
XGBoost,3,100,0.9595714951094549,0.01628697914911989,0.9934603963141468,0.005175004685466209,0.9593313507789828,0.01656744471564143,0.08918108940124511,0.018098373236311513,0.0014053821563720704,0.4459054470062256,30,30,100.0,-1,100,True,Breast Cancer,target,569
CatBoost,3,100,0.9648657040832169,0.01566592330434181,0.9954419453846247,0.004259913645847362,0.9647192039884601,0.015878265414632605,0.30933518409729005,0.10664592055415172,0.002458333969116211,1.5466759204864502,30,30,100.0,-1,0,True,Breast Cancer,target,569
