algorithm,depth,n_estimators,mean_accuracy,std_accuracy,mean_auc,std_auc,mean_f1,std_f1,mean_train_time,std_train_time,mean_pred_time,total_train_time,distinct_features,total_features,feature_usage_pct,avg_tree_depth,n_trees,success,dataset,encoding,sample_size
GB-RDT,4,100,0.9508150908244062,0.02514584362673252,0.9917419027515653,0.005114056242795343,0.9502703099330964,0.026119992703703618,229.79876823425292,75.4970897111911,0.02057018280029297,1148.9938411712646,25,30,83.33333333333334,4,100,True,Breast Cancer,target,569
GB-RDT-Fast,4,100,0.9508150908244062,0.02514584362673252,0.9917419027515653,0.005114056242795343,0.9502703099330964,0.026119992703703618,45.21222038269043,0.3791911438535826,0.020791053771972656,226.06110191345215,25,30,83.33333333333334,4,100,True,Breast Cancer,target,569
GB-sklearn,4,100,0.9560937742586555,0.02283883380490949,0.9930670586828464,0.004663193393887655,0.9556824178261326,0.023435524565206086,0.8491225242614746,0.034088420904071944,0.0010614871978759765,4.245612621307373,30,30,100.0,4,100,True,Breast Cancer,target,569
XGBoost,4,100,0.9613258810743673,0.011934121799898082,0.9935886421023991,0.004563592408138045,0.9611741095168256,0.012098966776982535,0.17228808403015136,0.006174202863203964,0.0013544082641601563,0.8614404201507568,30,30,100.0,-1,100,True,Breast Cancer,target,569
CatBoost,4,100,0.9578481602235678,0.01015802248531395,0.9941959898928454,0.004696039714053072,0.9577195391939479,0.010389410700346756,0.48958568572998046,0.0754899922529796,0.002840280532836914,2.4479284286499023,30,30,100.0,-1,0,True,Breast Cancer,target,569
