algorithm,depth,n_estimators,mean_accuracy,std_accuracy,mean_auc,std_auc,mean_f1,std_f1,mean_train_time,std_train_time,mean_pred_time,total_train_time,distinct_features,total_features,feature_usage_pct,avg_tree_depth,n_trees,success,dataset,encoding,sample_size
GB-RDT,5,100,0.9543238627542306,0.021741665308714478,0.992669994991482,0.004874806324273599,0.9538896270313663,0.022553458382416295,202.4752408504486,14.709627802862633,0.022903013229370116,1012.376204252243,29,30,96.66666666666667,5,100,True,Breast Cancer,target,569
GB-RDT-Fast,5,100,0.9543238627542306,0.021741665308714478,0.992669994991482,0.004874806324273599,0.9538896270313663,0.022553458382416295,59.49413084983826,1.4039953863247427,0.024657392501831056,297.4706542491913,29,30,96.66666666666667,5,100,True,Breast Cancer,target,569
GB-sklearn,5,100,0.9560937742586555,0.02283883380490949,0.9926094248523007,0.0033944533187399415,0.9557515308444409,0.02340550129044449,0.8817520141601562,0.008549624477107973,0.0008007526397705078,4.408760070800781,30,30,100.0,5,100,True,Breast Cancer,target,569
XGBoost,5,100,0.9666045645086166,0.01608646693923512,0.9935243675662935,0.005086782510338401,0.9664658782491629,0.01629073039052214,0.13492908477783203,0.041305109217593054,0.0011237144470214843,0.6746454238891602,30,30,100.0,-1,100,True,Breast Cancer,target,569
CatBoost,5,100,0.9666356155876418,0.016980668037288846,0.9935205765168098,0.006018260021483957,0.9663774498387305,0.017299584934588916,0.4451796531677246,0.06796917900934588,0.002108192443847656,2.225898265838623,30,30,100.0,-1,0,True,Breast Cancer,target,569
