algorithm,depth,n_estimators,mean_accuracy,std_accuracy,mean_auc,std_auc,mean_f1,std_f1,mean_train_time,std_train_time,mean_pred_time,total_train_time,distinct_features,total_features,feature_usage_pct,avg_tree_depth,n_trees,success,dataset,encoding,sample_size
GB-RDT,4,100,0.9923859318886944,0.0007385479618594026,0.9991782303004557,0.0003756726086141606,0.9923937626191055,0.0007374413415626289,330.9428343772888,90.60270856032682,0.2932456016540527,1654.714171886444,6,6,100.0,4,100,True,Occupancy Detection,target,8143
GB-RDT-Fast,4,100,0.9923859318886944,0.0007385479618594026,0.9991782303004557,0.0003756726086141606,0.9923937626191055,0.0007374413415626289,142.88123812675477,45.392865108599345,0.3094160079956055,714.4061906337738,6,6,100.0,4,100,True,Occupancy Detection,target,8143
GB-sklearn,4,100,0.9928771061367747,0.000834723291265888,0.9994420217421212,0.00025622054838810016,0.9928858966311914,0.0008221151674338487,1.2492621898651124,0.045162425858710956,0.0023419857025146484,6.2463109493255615,6,6,100.0,4,100,True,Occupancy Detection,target,8143
XGBoost,4,100,0.9941050794641957,0.0010722372894078607,0.9996747971868765,0.0001370834135962327,0.9941174013712706,0.0010639544253670205,0.1781381607055664,0.01659554823778844,0.0020680904388427736,0.890690803527832,6,6,100.0,-1,100,True,Occupancy Detection,target,8143
CatBoost,4,100,0.9922633080091643,0.0006258869874301165,0.9992288728153419,0.00036628071955847197,0.9922757859743525,0.0006394959037318836,0.3643385887145996,0.11752443567128514,0.006759214401245117,1.821692943572998,6,6,100.0,-1,0,True,Occupancy Detection,target,8143
