algorithm,depth,n_estimators,mean_accuracy,std_accuracy,mean_auc,std_auc,mean_f1,std_f1,mean_train_time,std_train_time,mean_pred_time,total_train_time,distinct_features,total_features,feature_usage_pct,avg_tree_depth,n_trees,success,dataset,encoding,sample_size
GB-RDT,5,100,0.9923858564742541,0.0008351895887432392,0.9992498480291321,0.0005059491548985495,0.9923961536526262,0.0008256105783739804,190.61458673477173,9.84740037700836,0.2887826919555664,953.0729336738586,6,6,100.0,5,100,True,Occupancy Detection,target,8143
GB-RDT-Fast,5,100,0.9923858564742541,0.0008351895887432392,0.9992498480291321,0.0005059491548985495,0.9923961536526262,0.0008256105783739804,106.24921064376831,1.8390538784083732,0.30163021087646485,531.2460532188416,6,6,100.0,5,100,True,Occupancy Detection,target,8143
GB-sklearn,5,100,0.9927544822572447,0.0006019980717392769,0.9995922455073083,0.0002086606811395998,0.9927573010960847,0.0006118116103501845,1.0992675304412842,0.0382525455106838,0.001948976516723633,5.496337652206421,6,6,100.0,5,100,True,Occupancy Detection,target,8143
XGBoost,5,100,0.9937366799245252,0.0009842342472067666,0.9997343609990468,9.852702685958061e-05,0.993750327083667,0.0009749115558534883,0.08962397575378418,0.007633228406233861,0.001399850845336914,0.4481198787689209,6,6,100.0,-1,100,True,Occupancy Detection,target,8143
CatBoost,5,100,0.9925088574259846,0.00046019221127806357,0.9992986044990367,0.00034703296559832417,0.9925216288528329,0.0004665058250209097,0.2829616069793701,0.06945667574868963,0.00425424575805664,1.4148080348968506,6,6,100.0,-1,0,True,Occupancy Detection,target,8143
