algorithm,depth,n_estimators,mean_accuracy,std_accuracy,mean_auc,std_auc,mean_f1,std_f1,mean_train_time,std_train_time,mean_pred_time,total_train_time,distinct_features,total_features,feature_usage_pct,avg_tree_depth,n_trees,success,dataset,encoding,sample_size
GB-RDT,3,100,0.9906661055832326,0.003214003778009058,0.9989214182667796,0.00047274160131740287,0.9907257431574923,0.003173175695519504,134.31495156288148,19.223564776653085,0.200883150100708,671.5747578144073,6,6,100.0,3,100,True,Occupancy Detection,target,8143
GB-RDT-Fast,3,100,0.9906661055832326,0.003214003778009058,0.9989214182667796,0.00047274160131740287,0.9907257431574923,0.003173175695519504,82.79277467727661,11.257772623017988,0.1987377643585205,413.96387338638306,6,6,100.0,3,100,True,Occupancy Detection,target,8143
GB-sklearn,3,100,0.9928774077945348,0.000489857129449862,0.999319441220254,0.0004105369917220187,0.9928835608860698,0.0005075386356857798,0.676729679107666,0.015061055348390815,0.001392507553100586,3.38364839553833,6,6,100.0,3,100,True,Occupancy Detection,target,8143
XGBoost,3,100,0.9938596054618154,0.0005509207623661357,0.9995539312512169,0.0001768493116660797,0.9938713914200529,0.0005466959257598763,0.06789159774780273,0.00401438347780362,0.0015680789947509766,0.33945798873901367,6,6,100.0,-1,100,True,Occupancy Detection,target,8143
CatBoost,3,100,0.9923860827175744,0.000626256712801334,0.9990934737975466,0.000413889473781229,0.9923988950441999,0.0006424156913475646,0.21500535011291505,0.06974963628757641,0.005414295196533203,1.0750267505645752,6,6,100.0,-1,0,True,Occupancy Detection,target,8143
