algorithm,depth,n_estimators,mean_accuracy,std_accuracy,mean_auc,std_auc,mean_f1,std_f1,mean_train_time,std_train_time,mean_pred_time,total_train_time,distinct_features,total_features,feature_usage_pct,avg_tree_depth,n_trees,success,dataset,encoding,sample_size
GB-RDT,5,100,0.8069999999999998,0.02680485030736043,0.8858849999999998,0.021724764670762273,0.8067682149980054,0.026914851194017427,2806.141402244568,219.69798933627555,0.10338220596313477,14030.70701122284,152,500,30.4,5,100,True,Madelon,target,2000
GB-RDT-Fast,5,100,0.8084999999999999,0.026296387584609428,0.8872449999999998,0.020949381852455696,0.8082700934080588,0.02642009331165518,890.8621705055236,10.757182524279377,0.07799820899963379,4454.310852527618,152,500,30.4,5,100,True,Madelon,target,2000
GB-sklearn,5,100,0.7725,0.017248188310660353,0.85191,0.013368438577485438,0.7722877743366324,0.017253511062525307,18.653453588485718,0.39966561620049473,0.002356147766113281,93.26726794242859,488,500,97.6,5,100,True,Madelon,target,2000
XGBoost,5,100,0.7895,0.020940391591371926,0.864895,0.026763386370188682,0.7892375135245796,0.02129441127838878,0.9041224002838135,0.02641521036463137,0.002905464172363281,4.520612001419067,469,500,93.8,-1,100,True,Madelon,target,2000
CatBoost,5,100,0.818,0.029765752132274444,0.8872449999999998,0.02460743485209297,0.8179130667730824,0.029781794531467374,1.5964906692504883,0.059651868601801716,0.05352363586425781,7.982453346252441,265,500,53.0,-1,0,True,Madelon,target,2000
