algorithm,depth,n_estimators,mean_accuracy,std_accuracy,mean_auc,std_auc,mean_f1,std_f1,mean_train_time,std_train_time,mean_pred_time,total_train_time,distinct_features,total_features,feature_usage_pct,avg_tree_depth,n_trees,success,dataset,encoding,sample_size
GB-RDT,4,100,0.7665,0.02182887995294308,0.8493450000000001,0.023153160691361335,0.7663294053613625,0.021965112275835214,2045.7598911762238,198.20617250701238,0.09710116386413574,10228.799455881119,125,500,25.0,4,100,True,Madelon,target,2000
GB-RDT-Fast,4,100,0.7665,0.02182887995294308,0.8493450000000001,0.023153160691361335,0.7663294053613625,0.021965112275835214,667.1741152286529,7.6590583410641155,0.06519584655761719,3335.8705761432648,125,500,25.0,4,100,True,Madelon,target,2000
GB-sklearn,4,100,0.7550000000000001,0.014230249470757694,0.830635,0.017753658777840676,0.7548518411511049,0.014266846183640868,14.87458577156067,0.15814991196430073,0.001739358901977539,74.37292885780334,431,500,86.2,4,100,True,Madelon,target,2000
XGBoost,4,100,0.763,0.020024984394500758,0.840545,0.023476804509983906,0.7629019729172216,0.019994501618534423,0.645890474319458,0.03871449520842878,0.003000211715698242,3.22945237159729,413,500,82.6,-1,100,True,Madelon,target,2000
CatBoost,4,100,0.787,0.015033296378372939,0.8613799999999999,0.021647248093002416,0.7869157367354817,0.015039216705387656,1.1596001148223878,0.10208919023938957,0.04958996772766113,5.7980005741119385,221,500,44.2,-1,0,True,Madelon,target,2000
