algorithm,depth,n_estimators,mean_accuracy,std_accuracy,mean_auc,std_auc,mean_f1,std_f1,mean_train_time,std_train_time,mean_pred_time,total_train_time,distinct_features,total_features,feature_usage_pct,avg_tree_depth,n_trees,success,dataset,encoding,sample_size
GB-RDT,3,100,0.719,0.01743559577416271,0.8033949999999999,0.022744259715365527,0.7184861708994102,0.017847762593226103,1329.3697426319122,79.65379427616516,0.08273983001708984,6646.848713159561,84,500,16.8,3,100,True,Madelon,target,2000
GB-RDT-Fast,3,100,0.719,0.01743559577416271,0.8033949999999999,0.022744259715365527,0.7184861708994102,0.017847762593226103,426.25428586006166,11.626600083255754,0.048421621322631836,2131.2714293003082,84,500,16.8,3,100,True,Madelon,target,2000
GB-sklearn,3,100,0.702,0.011445523142259589,0.789845,0.011980989107748983,0.7013756656030296,0.011699939194671136,10.369432353973389,0.07601107999219088,0.004002666473388672,51.84716176986694,312,500,62.4,3,100,True,Madelon,target,2000
XGBoost,3,100,0.719,0.017507141400011625,0.8007399999999999,0.019220604829193046,0.7188720702049022,0.017716404471049815,0.44171910285949706,0.015448234454549459,0.0028644084930419924,2.2085955142974854,284,500,56.8,-1,100,True,Madelon,target,2000
CatBoost,3,100,0.7324999999999999,0.026925824035672525,0.816825,0.030711663094010366,0.732366395159856,0.02695508294777825,0.8752061367034912,0.10902480017101412,0.05045895576477051,4.376030683517456,161,500,32.2,-1,0,True,Madelon,target,2000
