algorithm,depth,n_estimators,mean_accuracy,std_accuracy,mean_auc,std_auc,mean_f1,std_f1,mean_train_time,std_train_time,mean_pred_time,total_train_time,distinct_features,total_features,feature_usage_pct,avg_tree_depth,n_trees,success,dataset,encoding,sample_size
GB-RDT,5,100,0.8639000000000001,0.002462722071204935,0.9177426817143814,0.003974037159771641,0.8544528039264501,0.002518492633087435,488.93887519836426,20.012825307792856,0.5359106540679932,2444.6943759918213,13,14,92.85714285714286,5,100,True,Adult Income,target,20000
GB-RDT-Fast,5,100,0.8639000000000001,0.002462722071204935,0.9177428884900051,0.003973984780420162,0.8544528039264501,0.002518492633087435,313.29845852851867,7.37109244000394,0.5224072933197021,1566.4922926425934,13,14,92.85714285714286,5,100,True,Adult Income,target,20000
GB-sklearn,5,100,0.87255,0.003241913015489455,0.9267441191153782,0.0041141072562056215,0.8684731329203522,0.003256657238872949,2.507979726791382,0.03634516048263025,0.0071795940399169925,12.53989863395691,14,14,100.0,5,100,True,Adult Income,target,20000
XGBoost,5,100,0.8666500000000001,0.01056243343174289,0.9247534132636013,0.007006926333494717,0.858041945150599,0.017330288648295892,0.10199923515319824,0.011244023787132998,0.0025020122528076174,0.5099961757659912,14,14,100.0,-1,100,True,Adult Income,target,20000
CatBoost,5,100,0.86615,0.003628360511305358,0.9206404798501702,0.004065657146216675,0.860340757612345,0.0037878388227743625,0.4206212520599365,0.03966520548852429,0.011849069595336914,2.1031062602996826,14,14,100.0,-1,0,True,Adult Income,target,20000
