algorithm,depth,n_estimators,mean_accuracy,std_accuracy,mean_auc,std_auc,mean_f1,std_f1,mean_train_time,std_train_time,mean_pred_time,total_train_time,distinct_features,total_features,feature_usage_pct,avg_tree_depth,n_trees,success,dataset,encoding,sample_size
GB-RDT,3,100,0.8558,0.0031835514759463246,0.9082302786695642,0.004535161766439807,0.843049475302753,0.003648555918108918,485.9929165840149,170.2607356234549,0.42873568534851075,2429.9645829200745,9,14,64.28571428571429,3,100,True,Adult Income,target,20000
GB-RDT-Fast,3,100,0.8558,0.0031835514759463246,0.9082302786695642,0.004535161766439807,0.843049475302753,0.003648555918108918,497.8484632015228,3.14018050857673,0.5354582786560058,2489.242316007614,9,14,64.28571428571429,3,100,True,Adult Income,target,20000
GB-sklearn,3,100,0.8699,0.0041188590653237845,0.9239213172607513,0.0035585351321049084,0.8647392970098691,0.004320105937763835,2.477135705947876,0.05887302154264129,0.006401634216308594,12.38567852973938,14,14,100.0,3,100,True,Adult Income,target,20000
XGBoost,3,100,0.8615,0.012022894826122359,0.9204278664907377,0.006758607654585731,0.8503296159331739,0.02104835079974479,0.14275593757629396,0.029427921946464236,0.002828025817871094,0.7137796878814697,14,14,100.0,-1,100,True,Adult Income,target,20000
CatBoost,3,100,0.8644499999999999,0.004907647094076758,0.9173297851227693,0.003980181984123708,0.8584591908651074,0.005408414866005697,0.4990224361419678,0.1485060814118018,0.018039989471435546,2.495112180709839,14,14,100.0,-1,0,True,Adult Income,target,20000
