algorithm,depth,n_estimators,mean_accuracy,std_accuracy,mean_auc,std_auc,mean_f1,std_f1,mean_train_time,std_train_time,mean_pred_time,total_train_time,distinct_features,total_features,feature_usage_pct,avg_tree_depth,n_trees,success,dataset,encoding,sample_size
GB-RDT,4,100,0.8601000000000001,0.002741350032374567,0.9134282143984663,0.004360353023706395,0.8494606262290256,0.002935401276909187,925.5512115955353,22.69782218057179,0.6381303310394287,4627.756057977676,10,14,71.42857142857143,4,100,True,Adult Income,target,20000
GB-RDT-Fast,4,100,0.8601000000000001,0.002741350032374567,0.9134282143984663,0.004360353023706395,0.8494606262290256,0.002935401276909187,265.949859046936,4.180423644381396,0.43710813522338865,1329.7492952346802,10,14,71.42857142857143,4,100,True,Adult Income,target,20000
GB-sklearn,4,100,0.8723000000000001,0.005218716317256566,0.9265165923906903,0.0036143531284601525,0.8676793273684357,0.005423836268363353,1.967705488204956,0.020537995880886447,0.005219316482543946,9.83852744102478,14,14,100.0,4,100,True,Adult Income,target,20000
XGBoost,4,100,0.8650500000000001,0.010738249391777054,0.9233071099183203,0.006869007786296459,0.855132886424893,0.01801802278977532,0.07905540466308594,0.0023092281329025396,0.0019999980926513673,0.3952770233154297,14,14,100.0,-1,100,True,Adult Income,target,20000
CatBoost,4,100,0.86575,0.004535967372016711,0.9195211730216396,0.00436225250663935,0.8601425719711207,0.004605277521789946,0.33981904983520506,0.024559983423563497,0.01200108528137207,1.6990952491760254,14,14,100.0,-1,0,True,Adult Income,target,20000
