algorithm,depth,n_estimators,mean_accuracy,std_accuracy,mean_auc,std_auc,mean_f1,std_f1,mean_train_time,std_train_time,mean_pred_time,total_train_time,distinct_features,total_features,feature_usage_pct,avg_tree_depth,n_trees,success,dataset,encoding,sample_size
GB-RDT,3,100,0.916490454200841,0.006657594956254488,0.948126245205056,0.008964832132383442,0.9059679561691073,0.008527111045605863,1492.5401247024536,55.21650864886608,0.23028483390808105,7462.700623512268,39,166,23.49397590361446,3,100,True,Musk v2,target,6598
GB-RDT-Fast,3,100,0.916490454200841,0.006657594956254488,0.948126245205056,0.008964832132383442,0.9059679561691073,0.008527111045605863,718.3982561588288,4.421235187072821,0.18549542427062987,3591.9912807941437,39,166,23.49397590361446,3,100,True,Musk v2,target,6598
GB-sklearn,3,100,0.9655938842557493,0.00840049077508697,0.9881401946924301,0.003964895018448274,0.9639148839287669,0.009325034920230749,12.159956359863282,0.05060911892543905,0.0048544883728027345,60.799781799316406,148,166,89.1566265060241,3,100,True,Musk v2,target,6598
XGBoost,3,100,0.9662008638316447,0.006621443548318322,0.9897708808966504,0.0029687390446252633,0.9648585994755393,0.007216437291010221,0.30092606544494627,0.018112652238455488,0.003337192535400391,1.5046303272247314,142,166,85.54216867469879,-1,100,True,Musk v2,target,6598
CatBoost,3,100,0.9605935396420613,0.004773412787232809,0.985379802704134,0.004728989222204568,0.9584604273275167,0.005428368621749142,0.9052951812744141,0.11964541409481412,0.05778007507324219,4.52647590637207,121,166,72.89156626506023,-1,0,True,Musk v2,target,6598
