algorithm,depth,n_estimators,mean_accuracy,std_accuracy,mean_auc,std_auc,mean_f1,std_f1,mean_train_time,std_train_time,mean_pred_time,total_train_time,distinct_features,total_features,feature_usage_pct,avg_tree_depth,n_trees,success,dataset,encoding,sample_size
GB-RDT,4,100,0.9349809313759276,0.005710807652718482,0.9638313990293357,0.008232724360546959,0.9284773614519383,0.00699163126088205,2123.465337562561,56.43430048873861,0.2810558795928955,10617.326687812805,61,166,36.74698795180723,4,100,True,Musk v2,target,6598
GB-RDT-Fast,4,100,0.9349809313759276,0.005710807652718482,0.9638313990293357,0.008232724360546959,0.9284773614519383,0.00699163126088205,961.0555606365203,3.018074471746574,0.23353939056396483,4805.277803182602,61,166,36.74698795180723,4,100,True,Musk v2,target,6598
GB-sklearn,4,100,0.9719597031727434,0.006886803198789076,0.9944609922224436,0.002834348450672814,0.9710423397920032,0.007398538109884014,16.279977369308472,0.03653928941001642,0.0031880855560302733,81.39988684654236,165,166,99.3975903614458,4,100,True,Musk v2,target,6598
XGBoost,4,100,0.9752946447032876,0.005828580123037073,0.9959965151268664,0.0015508193674193679,0.974586625638907,0.006269416793735905,0.39813942909240724,0.019541720903588945,0.003106355667114258,1.9906971454620361,159,166,95.78313253012048,-1,100,True,Musk v2,target,6598
CatBoost,4,100,0.9713539871803707,0.006512775530828586,0.9927819912034384,0.0035633869896944813,0.970211353956009,0.0070672687401006325,1.1187163829803466,0.1143318872966942,0.05885272026062012,5.593581914901733,132,166,79.51807228915662,-1,0,True,Musk v2,target,6598
