algorithm,depth,n_estimators,mean_accuracy,std_accuracy,mean_auc,std_auc,mean_f1,std_f1,mean_train_time,std_train_time,mean_pred_time,total_train_time,distinct_features,total_features,feature_usage_pct,avg_tree_depth,n_trees,success,dataset,encoding,sample_size
GB-RDT,5,100,0.9457413789142372,0.005537007413965795,0.9718814233654616,0.007842016001905847,0.94146836099141,0.0067277848214719535,2794.8703269004823,91.38119752968693,0.3191899299621582,13974.35163450241,77,166,46.3855421686747,5,100,True,Musk v2,target,6598
GB-RDT-Fast,5,100,0.9457413789142372,0.005537007413965795,0.9718814233654616,0.007842016001905847,0.94146836099141,0.0067277848214719535,1196.5823748588562,12.829276291265016,0.2658287525177002,5982.911874294281,77,166,46.3855421686747,5,100,True,Musk v2,target,6598
GB-sklearn,5,100,0.9813565143474164,0.0058476952852698294,0.9973647420824994,0.0014076444871015544,0.9808915089401531,0.006131660936991315,20.392349624633788,0.11737942813451394,0.005508804321289062,101.96174812316895,166,166,100.0,5,100,True,Musk v2,target,6598
XGBoost,5,100,0.9802968272566452,0.0036198841674217968,0.9981148720177385,0.0009582027798706737,0.9798629373078732,0.003848777149099901,0.5071877002716064,0.044324808288265086,0.0029682159423828126,2.5359385013580322,166,166,100.0,-1,100,True,Musk v2,target,6598
CatBoost,5,100,0.9749912697865692,0.007305358250240743,0.9962527915779648,0.0013827928565716574,0.974120914642328,0.007882549931273632,1.4475133895874024,0.1399102000641555,0.05933294296264648,7.237566947937012,135,166,81.32530120481928,-1,0,True,Musk v2,target,6598
